{"count":1,"self":2.1115573999999997,"total":52.121642599999994,"children":{"InitializeActuators":{"count":1,"self":0.0010004999999999999,"total":0.0010004999999999999,"children":null},"InitializeSensors":{"count":1,"self":0.0029999,"total":0.0029999,"children":null},"AgentSendState":{"count":9834,"self":0.010563399999999999,"total":2.4992761999999997,"children":{"CollectObservations":{"count":1968,"self":0.0020038,"total":0.0020038,"children":null},"WriteActionMask":{"count":1968,"self":0.00099969999999999985,"total":0.00099969999999999985,"children":null},"RequestDecision":{"count":1968,"self":0.003002,"total":2.4857093,"children":{"AgentInfo.ToProto":{"count":1968,"self":0.005848,"total":2.4827073,"children":{"GenerateSensorData":{"count":1968,"self":0.053355799999999995,"total":2.4768593,"children":{"CameraSensor.GetCompressedObservation":{"count":1968,"self":2.4235036,"total":2.4235035,"children":null}}}}}}}}},"DecideAction":{"count":9834,"self":47.3897312,"total":47.389731499999996,"children":null},"AgentAct":{"count":9834,"self":0.1160727,"total":0.1160727,"children":null}},"gauges":{},"metadata":{"timer_format_version":"0.1.0","start_time_seconds":"1716277126","unity_version":"2021.3.18f1c1","command_line_arguments":"H:\\CASIA\\RL\\RL_EpMineEnv\\envs\/SingleAgent\/MineField_Windows-0510-random\/drl.exe --mlagents-port 2008","communication_protocol_version":"1.5.0","com.unity.ml-agents_version":"2.0.1","scene_name":"MineField_simplified","end_time_seconds":"1716277178"}}