{"count":1,"self":276.0760064,"total":7296.3665523,"children":{"InitializeActuators":{"count":1,"self":0.0009999,"total":0.0009999,"children":null},"InitializeSensors":{"count":1,"self":0.0030605999999999997,"total":0.0030605999999999997,"children":null},"AgentSendState":{"count":1261097,"self":1.0401468999999999,"total":428.9742498,"children":{"CollectObservations":{"count":252423,"self":0.4322494,"total":0.4322494,"children":null},"WriteActionMask":{"count":252423,"self":0.090196,"total":0.090196,"children":null},"RequestDecision":{"count":252423,"self":0.43244459999999996,"total":427.4116575,"children":{"AgentInfo.ToProto":{"count":252423,"self":1.1865355,"total":426.9792129,"children":{"GenerateSensorData":{"count":252423,"self":8.3659584,"total":425.7926774,"children":{"CameraSensor.GetCompressedObservation":{"count":252423,"self":417.42671359999997,"total":417.4267187,"children":null}}}}}}}}},"DecideAction":{"count":1261097,"self":6575.3518079999994,"total":6575.3518417,"children":null},"AgentAct":{"count":1261097,"self":15.910529599999998,"total":15.910529799999999,"children":null},"AgentInfo.ToProto":{"count":24,"self":0,"total":0.0488623,"children":{"GenerateSensorData":{"count":24,"self":0.0009998,"total":0.0488623,"children":{"CameraSensor.GetCompressedObservation":{"count":24,"self":0.047862499999999995,"total":0.047862499999999995,"children":null}}}}}},"gauges":{"ControlEP.CumulativeReward":{"count":24,"max":10,"min":-10,"runningAverage":-4.99999952,"value":-10,"weightedAverage":-5.65701246}},"metadata":{"timer_format_version":"0.1.0","start_time_seconds":"1716312958","unity_version":"2021.3.18f1c1","command_line_arguments":"H:\\CASIA\\RL\\RL_EpMineEnv\\envs\/SingleAgent\/MineField_Windows-0510-random\/drl.exe --mlagents-port 2000","communication_protocol_version":"1.5.0","com.unity.ml-agents_version":"2.0.1","scene_name":"MineField_simplified","end_time_seconds":"1716320254"}}